[{"pos_x": 139.371828, "pos_y": -106.5, "rotation": 90.0, "side": "top", "designator": "EO1", "mpn": null, "pack": "Out_conn", "value": "Conn_01x01", "mount_type": "tht", "place": true}, {"pos_x": 139.371828, "pos_y": -71.2, "rotation": 0.0, "side": "top", "designator": "Lo1", "mpn": null, "pack": "Out_conn", "value": "Conn_01x01", "mount_type": "tht", "place": true}, {"pos_x": 45.294128, "pos_y": -70.151681, "rotation": 90.0, "side": "top", "designator": "Lin1", "mpn": null, "pack": "quickfit_PCB", "value": "Lin", "mount_type": "tht", "place": true}, {"pos_x": 46.216162, "pos_y": -56.890035, "rotation": 0.0, "side": "top", "designator": "H4", "mpn": null, "pack": "CCU_GND_PT", "value": "MountingHole_Pad", "mount_type": "tht", "place": true}, {"pos_x": 139.371828, "pos_y": -113.461257, "rotation": 0.0, "side": "top", "designator": "H2", "mpn": null, "pack": "CCU_GND_PT", "value": "MountingHole_Pad", "mount_type": "tht", "place": true}, {"pos_x": 139.368909, "pos_y": -56.896463, "rotation": 0.0, "side": "top", "designator": "H1", "mpn": null, "pack": "CCU_GND_PT", "value": "MountingHole_Pad", "mount_type": "tht", "place": true}, {"pos_x": 89.336702, "pos_y": -69.6, "rotation": 0.0, "side": "top", "designator": "PTC1", "mpn": null, "pack": "CCU_PTC", "value": "Thermistor_PTC_US", "mount_type": "tht", "place": true}, {"pos_x": 109.936702, "pos_y": -77.7, "rotation": -90.0, "side": "top", "designator": "L2", "mpn": null, "pack": "CCU_IND", "value": "INDUCTOR", "mount_type": "tht", "place": true}, {"pos_x": 53.736702, "pos_y": -97.4, "rotation": 90.0, "side": "top", "designator": "JP2", "mpn": null, "pack": "Jump2", "value": "Jumper_2_Bridged", "mount_type": "tht", "place": true}, {"pos_x": 45.294128, "pos_y": -85.624526, "rotation": 90.0, "side": "top", "designator": "Nin1", "mpn": null, "pack": "quickfit_PCB", "value": "Nin", "mount_type": "tht", "place": true}, {"pos_x": 65.286702, "pos_y": -84.6, "rotation": 0.0, "side": "top", "designator": "MOV1", "mpn": null, "pack": "CCU_Vari_1", "value": "Varistor_US", "mount_type": "tht", "place": true}, {"pos_x": 128.836702, "pos_y": -105.75, "rotation": -90.0, "side": "top", "designator": "MOV5", "mpn": null, "pack": "CCU_Vari", "value": "Varistor_US", "mount_type": "tht", "place": true}, {"pos_x": 86.736702, "pos_y": -101.0, "rotation": 0.0, "side": "top", "designator": "F2", "mpn": null, "pack": "Fuse_holder", "value": "6A DC", "mount_type": "tht", "place": true}, {"pos_x": 128.836702, "pos_y": -83.75, "rotation": -90.0, "side": "top", "designator": "MOV2", "mpn": null, "pack": "CCU_Vari", "value": "Varistor_US", "mount_type": "tht", "place": true}, {"pos_x": 45.826191, "pos_y": -113.468243, "rotation": 0.0, "side": "top", "designator": "H3", "mpn": null, "pack": "CCU_GND_PT", "value": "MountingHole_Pad", "mount_type": "tht", "place": true}, {"pos_x": 59.036702, "pos_y": -93.6, "rotation": 90.0, "side": "top", "designator": "JP1", "mpn": null, "pack": "Jump1", "value": "Jumper_2_Bridged", "mount_type": "tht", "place": true}, {"pos_x": 139.371828, "pos_y": -89.3, "rotation": 0.0, "side": "top", "designator": "No1", "mpn": null, "pack": "Out_conn", "value": "Conn_01x01", "mount_type": "tht", "place": true}, {"pos_x": 120.636702, "pos_y": -65.0, "rotation": 90.0, "side": "top", "designator": "RT1", "mpn": null, "pack": "CCU_RTI", "value": "Thermistor_NTC", "mount_type": "tht", "place": true}, {"pos_x": 128.836702, "pos_y": -60.625, "rotation": -90.0, "side": "top", "designator": "MOV3", "mpn": null, "pack": "CCU_Vari", "value": "Varistor_US", "mount_type": "tht", "place": true}, {"pos_x": 88.836702, "pos_y": -58.4, "rotation": 0.0, "side": "top", "designator": "F1", "mpn": null, "pack": "Fuse_holder", "value": "6A DC", "mount_type": "tht", "place": true}, {"pos_x": 118.036702, "pos_y": -100.0, "rotation": 90.0, "side": "top", "designator": "GDT2", "mpn": null, "pack": "CCU_GDT", "value": "GDT_2Pin", "mount_type": "tht", "place": true}, {"pos_x": 45.294128, "pos_y": -101.133252, "rotation": 90.0, "side": "top", "designator": "Gin1", "mpn": null, "pack": "quickfit_PCB", "value": "Gin", "mount_type": "tht", "place": true}, {"pos_x": 87.936702, "pos_y": -82.8, "rotation": 0.0, "side": "top", "designator": "L1", "mpn": null, "pack": "CCU_IND", "value": "INDUCTOR", "mount_type": "tht", "place": true}, {"pos_x": 101.186702, "pos_y": -110.9, "rotation": 180.0, "side": "top", "designator": "MOV4", "mpn": null, "pack": "CCU_Vari_1", "value": "Varistor_US", "mount_type": "tht", "place": true}, {"pos_x": 66.136702, "pos_y": -73.4, "rotation": 0.0, "side": "top", "designator": "GDT1", "mpn": null, "pack": "CCU_GDT", "value": "GDT_2Pin", "mount_type": "tht", "place": true}, {"pos_x": 80.336702, "pos_y": -116.4, "rotation": 180.0, "side": "bottom", "designator": "G***", "mpn": null, "pack": "LOGO", "value": "LOGO", "mount_type": "tht", "place": false}]